insert into person values (123456001, 'Frank'     , 'Dark Boulevard'   , 'Chicago'      , '1111-123');
insert into person values (123456002, 'Charles'   , 'Arsenal Street'   , 'London'       , '1100-123');
insert into person values (123456003, 'James'     , 'Flowers Avenue'   , 'San Francisco', '3300-123');
insert into person values (123456011, 'Andrew'    , 'Roses Boulevard'  , 'Chicago'      , '1111-123');
insert into person values (123456022, 'John Smith', 'Central Boulevard', 'London'       , '1100-123');
insert into person values (123456033, 'Ray'       , 'Second Boulevard' , 'San Francisco', '3300-123');
insert into person values (123456044, 'Mike'      , 'Happy Boulevard'  , 'Chicago'      , '1111-123');
insert into person values (123456004, 'Peter '    , 'Central Avenue'   , 'Seattle'      , '2200-123');
insert into person values (123456005, 'Jennifer'  , 'White Avenue'     , 'Chicago'      , '1111-124');
insert into person values (123456006, 'Jessica'   , 'Chelsea Street'   , 'London'       , '1100-124');
insert into person values (123456007, 'Caroline'  , 'Central Street'   , 'Seattle'      , '2200-124');
insert into person values (123456008, 'Bernard'   ,   'Central Street' , 'Seattle'      , '2200-125');
insert into person values (123456009, 'Anne'      ,  'Happy Boulevard' , 'Chicago'      , '1111-125');

insert into phone_number values (123456001, 961231231);
insert into phone_number values (123456002, 961231232);
insert into phone_number values (123456003, 961231233);
insert into phone_number values (123456011, 960000001);
insert into phone_number values (123456022, 960000002);
insert into phone_number values (123456033, 960000003);
insert into phone_number values (123456004, 961111114);
insert into phone_number values (123456005, 961111115);
insert into phone_number values (123456006, 961111116);
insert into phone_number values (123456007, 962222227);
insert into phone_number values (123456008, 962222228);
insert into phone_number values (123456009, 962222229);

insert into client values (123456001);
insert into client values (123456002);
insert into client values (123456003);
insert into client values (123456004);
insert into client values (123456011);
insert into client values (123456022);
insert into client values (123456033);
insert into client values (123456006);
insert into client values (123456009);

insert into veterinary values (123456004,'Oncologist' , 'Peter is a 30 year old specialist in Oncology.'); 
insert into veterinary values (123456005,'Nutrition'  , 'Jennifer is a 34 year old specialist in Nutrition.');
insert into veterinary values (123456006,'Orthopedics', 'Jessica is a 26 year old specialist in Orthopedics.');
insert into veterinary values (123456022,'Oncologist' , 'John Smith is a 22 year old specialist in Oncologist.');

insert into assistant values (123456007); 
insert into assistant values (123456008);
insert into assistant values (123456009);
insert into assistant values (123456022);

insert into species values ('Mammal'  , 'Distinguished from reptiles (including birds) by the possession of a neocortex (a region of the brain), hair, three middle ear bones, and mammary glands');
insert into species values ('Cat'     , 'Small, typically furry, carnivorous mammal');
insert into species values ('Dog'     , 'Part of the wolf-like canids and is the most widely abundant terrestrial carnivore');
insert into species values ('Bulldog' , 'Medium-sized breed of dog');
insert into species values ('Boxer'   , 'Medium-sized, short-haired breed of dog, developed in Germany');
insert into species values ('Pit Bull', 'Type of dog descended from bulldogs and terriers');
insert into species values ('Bird'    , 'Group of endothermic vertebrates');
insert into species values ('Aves'    , 'Group of endothermic vertebrates');

insert into generalization_species values ('Cat'     , 'Mammal');
insert into generalization_species values ('Dog'     , 'Mammal');
insert into generalization_species values ('Bulldog' , 'Dog');
insert into generalization_species values ('Boxer'   , 'Dog');
insert into generalization_species values ('Pit Bull', 'Dog');
insert into generalization_species values ('Bird'    , 'Aves');

insert into animal values ('Striker', 123456001, 'Bulldog' , 'brown' , 'male'  , '2008-11-05', 10);
insert into animal values ('Jackson', 123456022, 'Bulldog' , 'black' , 'female', '2009-12-30', 9);
insert into animal values ('Bob'    , 123456003, 'Bulldog' , 'white' , 'male'  , '2013-01-04', 1);
insert into animal values ('Thunder', 123456001, 'Cat'     , 'brown' , 'female', '2016-04-02', 2);
insert into animal values ('Sparky' , 123456002, 'Boxer'   , 'black' , 'female', '2014-10-10', 4);
insert into animal values ('Max'    , 123456006, 'Pit Bull', 'yellow', 'male'  , '2007-10-15', 11);
insert into animal values ('Cookie' , 123456011, 'Bird'    , 'red'   , 'male'  , '2005-10-13', 13);
insert into animal values ('Rolls'  , 123456022, 'Bird'    , 'blue'  , 'male'  , '2013-05-01', 1);
insert into animal values ('Jim'    , 123456033, 'Bird'    , 'green' , 'female', '2010-02-05', 8);
insert into animal values ('Cooper' , 123456011, 'Bird'    , 'yellow', 'female', '2016-04-05', 2);

insert into consult values ('Striker', 123456001, '2018-01-01', 'Nausea, fever and a black mark on the neck. Cancer', 'Black Mark.'                    , 'Cirurgy'     , 'No sun light.'                            , 123456001, 123456022, 35);
insert into consult values ('Jackson', 123456022, '2017-02-01', 'Nausea, fever and a black mark on the neck. Cancer', 'Black Mark.'                    , 'Cirurgy'     , 'No sun light.'                            , 123456002, 123456004, 20);
insert into consult values ('Bob'    , 123456003, '2017-03-01', 'Nausea, fever and a black mark on the neck. Cancer', 'Black Mark.'                    , 'Cirurgy'     , 'No sun light.'                            , 123456003, 123456004, 32);
insert into consult values ('Thunder', 123456001, '2017-04-01', 'Overweight.'                                       , 'Obesity'                        , 'Urine tests.', 'Lower caloric consumption and take pills.', 123456001, 123456005, 47);
insert into consult values ('Sparky' , 123456002, '2017-05-01', 'Overweight.'                                       , 'Obese'                          , 'Urine tests.', 'Lower caloric consumption and take pills.', 123456002, 123456022, 25);
insert into consult values ('Sparky' , 123456002, '2018-06-01', 'Overweight.'                                       , 'Obese'                          , 'Urine tests.', 'Lower caloric consumption and take pills.', 123456002, 123456022, 35);
insert into consult values ('Max'    , 123456006, '2017-06-08', 'Overweight.'                                       , 'Obesity'                        , 'Urine tests.', 'Lower caloric consumption and take pills.', 123456003, 123456005, 40);
insert into consult values ('Max'    , 123456006, '2017-06-15', 'Overweight.'                                       , 'Obesity'                        , 'Urine tests.', 'Lower caloric consumption and take pills.', 123456003, 123456005, 35);
insert into consult values ('Max'    , 123456006, '2018-06-01', 'Overweight.'                                       , 'Obesity'                        , 'Urine tests.', 'Lower caloric consumption and take pills.', 123456003, 123456005, 25);
insert into consult values ('Cookie' , 123456011, '2017-07-01', 'Dificulties on flying. Borken wing.'               , 'Blood analysis and radiography.', 'No touch.'   , 'Take pills.'                              , 123456011, 123456022, 1.38);
insert into consult values ('Rolls'  , 123456022, '2017-08-01', 'Dificulties on flying. Borken wing.'               , 'Blood analysis and radiography.', 'No touch.'   , 'Take pills.'                              , 123456022, 123456006, 1.11);
insert into consult values ('Jim'    , 123456033, '2017-09-01', 'Dificulties on flying. Borken wing.'               , 'Blood analysis and radiography.', 'No touch.'   , 'Take pills.'                              , 123456033, 123456006, 1.42);
insert into consult values ('Cooper' , 123456011, '2017-10-01', 'Dificulties on flying. Borken wing.'               , 'Blood analysis and radiography.', 'No touch.'   , 'No take pills.'                           , 123456011, 123456006, 1.52);
insert into consult values ('Cooper' , 123456011, '2017-10-09', 'Dificulties on flying. Borken wing.'               , 'Blood analysis'                 , 'No touch.'   , 'No take pills.'                           , 123456011, 123456006, 1.52);

insert into participation values ('Striker', 123456001, '2018-01-01', 123456007);
insert into participation values ('Jackson', 123456022, '2017-02-01', 123456007);
insert into participation values ('Bob'    , 123456003, '2017-03-01', 123456022);
insert into participation values ('Thunder', 123456001, '2017-04-01', 123456008);
insert into participation values ('Sparky' , 123456002, '2017-05-01', 123456008);
insert into participation values ('Sparky' , 123456002, '2018-06-01', 123456008);
insert into participation values ('Max'    , 123456006, '2018-06-01', 123456022);
insert into participation values ('Max'    , 123456006, '2017-06-08', 123456022);
insert into participation values ('Max'    , 123456006, '2017-06-15', 123456022);
insert into participation values ('Cookie' , 123456011, '2017-07-01', 123456009);
insert into participation values ('Rolls'  , 123456022, '2017-08-01', 123456009);
insert into participation values ('Jim'    , 123456033, '2017-09-01', 123456009);
insert into participation values ('Cooper' , 123456011, '2017-10-01', 123456022);
insert into participation values ('Cooper' , 123456011, '2017-10-09', 123456022);

insert into diagnosis_code values ('AAHA-01', 'Cancer');
insert into diagnosis_code values ('AAHA-02', 'Overweight');
insert into diagnosis_code values ('AAHA-03', 'Broken limb');
insert into diagnosis_code values ('AAHA-04', 'kidney failure');

insert into consult_diagnosis values ('AAHA-01', 'Striker', 123456001, '2018-01-01');
insert into consult_diagnosis values ('AAHA-01', 'Jackson', 123456022, '2017-02-01');
insert into consult_diagnosis values ('AAHA-02', 'Bob'    , 123456003, '2017-03-01');
insert into consult_diagnosis values ('AAHA-02', 'Thunder', 123456001, '2017-04-01');
insert into consult_diagnosis values ('AAHA-02', 'Sparky' , 123456002, '2017-05-01');
insert into consult_diagnosis values ('AAHA-02', 'Sparky' , 123456002, '2018-06-01');
insert into consult_diagnosis values ('AAHA-03', 'Max'    , 123456006, '2018-06-01');
insert into consult_diagnosis values ('AAHA-03', 'Max'    , 123456006, '2017-06-08');
insert into consult_diagnosis values ('AAHA-03', 'Max'    , 123456006, '2017-06-15');
insert into consult_diagnosis values ('AAHA-02', 'Cookie' , 123456011, '2017-07-01');
insert into consult_diagnosis values ('AAHA-03', 'Rolls'  , 123456022, '2017-08-01');
insert into consult_diagnosis values ('AAHA-02', 'Jim'    , 123456033, '2017-09-01');
insert into consult_diagnosis values ('AAHA-04', 'Cooper' , 123456011, '2017-10-01');
insert into consult_diagnosis values ('AAHA-04', 'Cooper' , 123456011, '2017-10-09');

insert into medication values ('med1'  , 'Lab-1'  , '200 mg');
insert into medication values ('med1'  , 'Lab-1'  , '300 mg');
insert into medication values ('med1'  , 'Lab-11' , '300 mg');
insert into medication values ('med11' , 'Lab-11' , '200 mg');
insert into medication values ('med111', 'Lab-111', '200 mg');
insert into medication values ('med2'  , 'Lab-2'  , '500 mg');
insert into medication values ('med22' , 'Lab-22' , '1000 mg');
insert into medication values ('med3'  , 'Lab-3'  , '1 g');

insert into prescription values ('AAHA-01', 'Striker', 123456001, '2018-01-01', 'med1' , 'Lab-1' , '200 mg' , '1 dose after dinnher. 24 hours between doses. 1 month of treatment. Take 200 mg');
insert into prescription values ('AAHA-01', 'Striker', 123456001, '2018-01-01', 'med1' , 'Lab-1' , '300 mg' , '1 dose after dinnher. 24 hours between doses. 1 month of treatment. Take 200 mg');
insert into prescription values ('AAHA-01', 'Striker', 123456001, '2018-01-01', 'med1' , 'Lab-11' , '300 mg' , '1 dose after dinnher. 24 hours between doses. 1 month of treatment. Take 200 mg');
insert into prescription values ('AAHA-01', 'Jackson', 123456022, '2017-02-01', 'med11', 'Lab-11', '200 mg' , '1 dose after dinnher. 24 hours between doses. 1 month of treatment. Take 200 mg');
insert into prescription values ('AAHA-02', 'Bob'    , 123456003, '2017-03-01', 'med1' , 'Lab-1' , '200 mg' , '1 dose after dinnher. 24 hours between doses. 1 month of treatment. Take 200 mg');
insert into prescription values ('AAHA-02', 'Thunder', 123456001, '2017-04-01', 'med1' , 'Lab-1' , '200 mg' , '1 dose after lunch. 24 hours between doses. 1 month of treatment. Take 300 mg.');
insert into prescription values ('AAHA-02', 'Sparky' , 123456002, '2017-05-01', 'med2' , 'Lab-2' , '500 mg' , '1 dose after lunch. 24 hours between doses. 1 month of treatment. Take 300 mg.');
insert into prescription values ('AAHA-03', 'Max'    , 123456006, '2018-06-01', 'med22', 'Lab-22', '1000 mg', '1 dose after lunch. 24 hours between doses. 1 month of treatment. Take 300 mg.');
insert into prescription values ('AAHA-03', 'Max'    , 123456006, '2018-06-01', 'med2', 'Lab-2', '500 mg', '1 dose after lunch. 24 hours between doses. 1 month of treatment. Take 300 mg.');
insert into prescription values ('AAHA-03', 'Max'    , 123456006, '2018-06-01', 'med3', 'Lab-3', '1 g', '1 dose after lunch. 24 hours between doses. 1 month of treatment. Take 300 mg.');
insert into prescription values ('AAHA-02', 'Cookie' , 123456011, '2017-07-01', 'med22', 'Lab-22', '1000 mg', '2 doses after dinner. 24 hours between doses. 1 month of treatment. Take 500 mg');
insert into prescription values ('AAHA-03', 'Rolls'  , 123456022, '2017-08-01', 'med3' , 'Lab-3' , '1 g'    , '2 doses after dinner. 24 hours between doses. 1 month of treatment. Take 500 mg');
insert into prescription values ('AAHA-02', 'Jim'    , 123456033, '2017-09-01', 'med3' , 'Lab-3' , '1 g'    , '2 doses after dinner. 24 hours between doses. 1 month of treatment. Take 500 mg');

insert into indicator values ('Nitrites'            , 100   , 'miligrams'                                       , 'This reference is the maximum for safety reasons.');
insert into indicator values ('Neurotrophils'       , 3000  , 'miligrams'                                       , 'This reference is the maximum for safety reasons.');
insert into indicator values ('Lymphocytes'         , 300000, '% of the white blood cells present in the sample', 'This reference is the maximum for safety reasons.');
insert into indicator values ('Monocytes'           , 4000  , 'miligrams'                                       , 'This reference is the maximum for safety reasons.');
insert into indicator values ('creatine level'      , 200   , 'miligrams'                                       , 'This reference is the maximum for safety reasons.');
insert into indicator values ('VO2 maximum'         , 50    , 'miligrams'                                       , 'This reference is the maximum for safety reasons.');
insert into indicator values ('Ferritin'            , 1000  , 'miligrams'                                       , 'This reference is the maximum for safety reasons.');
insert into indicator values ('Oxygen concentration', 2     , 'percentage'                                      , 'This reference is the maximum for safety reasons.');
insert into indicator values ('Heartbeats'          , 10    , 'Bpm'                                             , 'This reference is the maximum for safety reasons.');
insert into indicator values ('Body fats'           , 100   , 'kilograms'                                       , 'This reference is the maximum for safety reasons.');

insert into procedures values ('Striker', 123456001, '2018-01-01', 11, 'Cirurgy');
insert into procedures values ('Jackson', 123456022, '2017-02-01', 12, 'Cirurgy');
insert into procedures values ('Bob'    , 123456003, '2017-03-01', 13, 'Cirurgy');
insert into procedures values ('Thunder', 123456001, '2017-04-01', 21, 'Urine');
insert into procedures values ('Max'    , 123456006, '2018-06-01', 22, 'Urine');
insert into procedures values ('Max'    , 123456006, '2017-06-08', 23, 'Urine');
insert into procedures values ('Max'    , 123456006, '2017-06-08', 24, 'Urine');
insert into procedures values ('Max'    , 123456006, '2017-06-15', 25, 'Urine');
insert into procedures values ('Max'    , 123456006, '2017-06-15', 26, 'Urine');
insert into procedures values ('Max'    , 123456006, '2017-06-15', 27, 'Urine');
insert into procedures values ('Cookie' , 123456011, '2017-07-01', 41, 'Blood analysis and radiography');
insert into procedures values ('Rolls'  , 123456022, '2017-08-01', 42, 'Blood analysis and radiography');
insert into procedures values ('Jim'    , 123456033, '2017-09-01', 43, 'Blood analysis and radiography');
insert into procedures values ('Cooper' , 123456011, '2017-10-01', 44, 'Blood analysis and radiography');
insert into procedures values ('Cooper' , 123456011, '2017-10-09', 51, 'Blood analysis');

insert into performed values ('Striker', 123456001, '2018-01-01', 11, 123456007);
insert into performed values ('Jackson', 123456022, '2017-02-01', 12, 123456007);
insert into performed values ('Bob'    , 123456003, '2017-03-01', 13, 123456022);
insert into performed values ('Thunder', 123456001, '2017-04-01', 21, 123456008);
insert into performed values ('Max'    , 123456006, '2018-06-01', 22, 123456022);
insert into performed values ('Max'    , 123456006, '2017-06-08', 23, 123456022);
insert into performed values ('Max'    , 123456006, '2017-06-08', 24, 123456022);
insert into performed values ('Max'    , 123456006, '2017-06-15', 25, 123456022);
insert into performed values ('Max'    , 123456006, '2017-06-15', 26, 123456022);
insert into performed values ('Max'    , 123456006, '2017-06-15', 27, 123456022);
insert into performed values ('Cookie' , 123456011, '2017-07-01', 41, 123456009);
insert into performed values ('Rolls'  , 123456022, '2017-08-01', 42, 123456009);
insert into performed values ('Jim'    , 123456033, '2017-09-01', 43, 123456009);
insert into performed values ('Cooper' , 123456011, '2017-10-01', 44, 123456022);

insert into radiography values ('Cookie', 123456011, '2017-07-01', 41, 'INSERT PATH');
insert into radiography values ('Rolls' , 123456022, '2017-08-01', 42, 'INSERT PATH');
insert into radiography values ('Jim'   , 123456033, '2017-09-01', 43, 'INSERT PATH');
insert into radiography values ('Cooper', 123456011, '2017-10-01', 44, 'INSERT PATH');

insert into test_procedure values ('Thunder', 123456001, '2017-04-01', 21, 'Urine');
insert into test_procedure values ('Max'    , 123456006, '2018-06-01', 22, 'Urine');
insert into test_procedure values ('Max'    , 123456006, '2017-06-08', 23, 'Urine');
insert into test_procedure values ('Max'    , 123456006, '2017-06-08', 24, 'Urine');
insert into test_procedure values ('Max'    , 123456006, '2017-06-15', 25, 'Urine');
insert into test_procedure values ('Max'    , 123456006, '2017-06-15', 26, 'Urine');
insert into test_procedure values ('Max'    , 123456006, '2017-06-15', 27, 'Urine');
insert into test_procedure values ('Cookie' , 123456011, '2017-07-01', 41, 'Blood');
insert into test_procedure values ('Rolls'  , 123456022, '2017-08-01', 42, 'Blood');
insert into test_procedure values ('Jim'    , 123456033, '2017-09-01', 43, 'Blood');
insert into test_procedure values ('Cooper' , 123456011, '2017-10-01', 44, 'Blood');
insert into test_procedure values ('Cooper' , 123456011, '2017-10-09', 51, 'Blood');

insert into produced_indicator values ('Thunder', 123456001, '2017-04-01', 21, 'Nitrites'      , 30);
insert into produced_indicator values ('Max'    , 123456006, '2018-06-01', 22, 'Nitrites'      , 50);
insert into produced_indicator values ('Max'    , 123456006, '2017-06-08', 23, 'Nitrites'      , 50);
insert into produced_indicator values ('Max'    , 123456006, '2017-06-08', 24, 'Nitrites'      , 50);
insert into produced_indicator values ('Max'    , 123456006, '2017-06-15', 25, 'Nitrites'      , 50);
insert into produced_indicator values ('Max'    , 123456006, '2017-06-15', 26, 'Nitrites'      , 50);
insert into produced_indicator values ('Max'    , 123456006, '2017-06-15', 27, 'Nitrites'      , 50);
insert into produced_indicator values ('Cookie' , 123456011, '2017-07-01', 41, 'Monocytes'     , 100000);
insert into produced_indicator values ('Rolls'  , 123456022, '2017-08-01', 42, 'Neurotrophils' , 200000);
insert into produced_indicator values ('Jim'    , 123456033, '2017-09-01', 43, 'Lymphocytes'   , 2500000);
insert into produced_indicator values ('Cooper' , 123456011, '2017-10-01', 44, 'Lymphocytes'   , 50000);
insert into produced_indicator values ('Cooper' , 123456011, '2017-10-09', 51, 'creatine level', 5);
